<items>
    <item name="scope_8x_v2" id="modGunScopeLarge" type="Scope" class="ItemScope" subtype="Ranged" stackgroup="RangedAttachment" icon="modGunScopeLarge">
        <Quality>1</Quality>
        <Weight>0.5</Weight>
        <Volume>0.1</Volume>
        <Durability>1000</Durability>
        <MaxDurability>1000</MaxDurability>
        <ModType>Scope</ModType>
        <ScopeZoom>
            <ZoomLevel>1.0</ZoomLevel>
            <ZoomLevel>2.0</ZoomLevel>
            <ZoomLevel>4.0</ZoomLevel>
            <ZoomLevel>6.0</ZoomLevel>
            <ZoomLevel>8.0</ZoomLevel>
            <ZoomLevel>12.0</ZoomLevel>
        </ScopeZoom>
        <ScopeImage>modGunScopeLarge</ScopeImage>
        <WeaponType>Sniper</WeaponType>
        <AttachableItem>TRUE</AttachableItem>
        <Categories>
            <Category name="Attachments" />
            <Category name="Optics" />
        </Categories>
        <Recipe>
            <Ingredients>
                <Ingredient name="Iron" count="15"/>
                <Ingredient name="Glass" count="5"/>
                <Ingredient name="Plastic" count="2"/>
            </Ingredients>
            <CraftTime>30</CraftTime>
            <OutputCount>1</OutputCount>
        </Recipe>
        <Tooltip>
            <Description>High magnification scope with adjustable zoom levels.</Description>
        </Tooltip>
	</item>
</items>